Reporting_PHU,Today,Averages-->,Last 7,Prev 7,Totals per 100k-->,Last 7/100k,Prev 7/100k,Active/100k,Ages (day %)->>,<20,20-29,30-49,50-69,70+,Source (day %)->>,Close contact,Community,Outbreak,Travel
Total,5833,,6939.9,9927.9,,326.8,467.5,455.3,,14.1,18.8,32.4,21.4,13.0,,7.4,73.2,18.4,0.9
Toronto PHU,1022,,1300.1,1900.0,,291.7,426.2,435.5,,18.5,14.7,31.5,21.7,13.2,,1.2,84.8,13.9,0.1
Peel,884,,998.4,1374.9,,435.1,599.2,563.8,,15.0,23.4,30.3,21.8,8.8,,4.1,86.3,9.0,0.6
York,467,,543.4,929.7,,310.3,530.9,338.6,,17.1,15.0,30.0,24.8,13.1,,9.9,78.6,10.7,0.9
Hamilton,351,,343.6,460.0,,406.1,543.8,581.4,,8.5,20.2,33.0,22.8,15.1,,1.4,83.5,15.1,0.0
Ottawa,307,,355.7,486.3,,236.1,322.7,368.3,,12.1,16.0,39.7,20.2,12.1,,26.4,29.3,39.7,4.6
Halton,270,,376.4,498.9,,425.6,564.0,397.0,,14.4,21.5,29.3,20.7,13.3,,4.4,85.6,10.0,0.0
London,245,,233.1,301.0,,321.6,415.1,521.5,,11.0,26.1,32.7,21.6,8.6,,13.5,66.9,19.2,0.4
Durham,237,,348.9,778.7,,342.6,764.7,559.8,,13.5,17.7,24.9,19.8,23.2,,0.8,72.2,26.2,0.8
Waterloo Region,225,,321.0,513.4,,384.5,615.0,556.8,,13.3,26.2,29.3,17.3,13.8,,3.1,64.4,32.4,0.0
Simcoe-Muskoka,190,,292.9,366.3,,341.9,427.6,405.6,,12.6,15.8,40.0,20.0,11.6,,7.4,82.6,10.0,0.0
Windsor,166,,249.4,328.9,,411.0,541.9,554.6,,11.4,19.3,36.7,24.1,8.4,,11.4,71.1,16.3,1.2
Sudbury,147,,112.0,130.9,,393.8,460.1,697.8,,8.2,14.3,36.1,23.8,17.7,,3.4,51.0,45.6,0.0
Niagara,141,,232.3,349.6,,344.1,517.9,513.4,,5.0,14.2,47.5,22.7,10.6,,0.7,83.0,16.3,0.0
Wellington-Guelph,108,,125.1,143.6,,280.9,322.2,382.5,,12.0,24.1,27.8,16.7,19.4,,3.7,74.1,22.2,0.0
Northwestern,98,,44.4,46.7,,354.8,373.0,508.8,,21.4,23.5,34.7,18.4,2.0,,15.3,46.9,33.7,4.1
Eastern Ontario,88,,114.7,149.1,,384.8,500.2,551.5,,10.2,10.2,26.1,25.0,28.4,,9.1,59.1,28.4,3.4
Thunder Bay,87,,73.3,90.3,,342.1,421.4,556.8,,16.1,29.9,21.8,20.7,11.5,,19.5,64.4,14.9,1.1
"Haliburton, Kawartha",85,,70.9,80.9,,262.5,299.5,363.6,,5.9,22.4,38.8,16.5,16.5,,0.0,36.5,63.5,0.0
Lambton,82,,85.1,109.1,,455.1,583.4,701.0,,23.2,12.2,31.7,20.7,12.2,,9.8,74.4,15.9,0.0
Southwestern,75,,76.9,98.1,,254.4,324.8,381.1,,13.3,16.0,41.3,21.3,8.0,,26.7,50.7,13.3,9.3
Algoma,73,,54.9,46.1,,335.6,282.3,507.8,,9.6,19.2,35.6,12.3,23.3,,8.2,80.8,11.0,0.0
Kingston,61,,52.6,67.4,,173.0,221.9,249.2,,27.9,9.8,36.1,24.6,1.6,,37.7,45.9,9.8,6.6
North Bay,60,,39.1,41.9,,211.1,225.8,171.8,,16.7,20.0,33.3,15.0,15.0,,6.7,75.0,18.3,0.0
Huron Perth,46,,40.0,42.0,,200.4,210.4,286.2,,10.9,17.4,30.4,21.7,19.6,,10.9,39.1,50.0,0.0
"Leeds, Grenville, Lanark",40,,53.1,47.0,,214.8,190.0,332.0,,7.5,17.5,35.0,17.5,22.5,,0.0,62.5,37.5,0.0
Haldimand-Norfolk,40,,54.0,73.1,,331.3,448.8,505.8,,10.0,15.0,30.0,27.5,17.5,,2.5,72.5,15.0,10.0
Chatham-Kent,39,,68.3,71.0,,449.6,467.5,567.2,,12.8,12.8,23.1,35.9,15.4,,10.3,82.1,7.7,0.0
Peterborough,38,,45.9,67.6,,216.9,319.6,324.3,,5.3,23.7,44.7,13.2,13.2,,10.5,60.5,28.9,0.0
Brant,38,,79.7,108.6,,359.5,489.7,534.1,,7.9,7.9,36.8,26.3,21.1,,5.3,63.2,31.6,0.0
Hastings,34,,43.9,75.7,,182.2,314.5,390.5,,20.6,26.5,29.4,11.8,11.8,,14.7,85.3,-2.9,2.9
Porcupine,30,,30.6,38.3,,256.4,321.1,463.7,,10.0,30.0,40.0,20.0,3.3,,20.0,60.0,20.0,0.0
Renfrew,28,,31.9,44.4,,205.3,286.3,290.9,,14.3,14.3,32.1,21.4,17.9,,53.6,17.9,28.6,0.0
Grey Bruce,27,,40.1,54.7,,165.4,225.5,171.3,,14.8,25.9,25.9,25.9,7.4,,40.7,44.4,11.1,3.7
Timiskaming,4,,8.1,13.7,,174.4,293.6,345.6,,25.0,-25.0,25.0,25.0,50.0,,50.0,50.0,0.0,0.0
Regions of Zeroes,0,0.0,0.0,0.0,0.0,,,,0.0,,,,,,0.0,,,,
