Agegroup,At least one dose_cumulative,Second_dose_cumulative,fully_vaccinated_cumulative,third_dose_cumulative,Total population,Percent_at_least_one_dose,Percent_fully_vaccinated,Percent_3doses,FirstDose - in last day,SecondDose - in last day,ThirdDose - in last day,FirstDose - in last week,SecondDose - in last week,ThirdDose - in last week,Percent_only_one_dose,Percent_Remaining_at_least_one_dose,FirstDose - in last day %,SecondDose - in last day %,ThirdDose - in last day %,FirstDose - in last week %,SecondDose - in last week %,ThirdDose - in last week %,PercentOfRemaining_First - in last day,PercentOfRemaining_First - in last week,PercentOfRemaining_SecondElig - in last week
05-11yrs,573135.0,0.0,166994.0,0.0,1078527.0,0.531405333385256,0.15483525215409535,0.0,2896.0,14164.0,0.0,18148.0,69334.0,0.0,0.37657008123116065,0.468594666614744,0.0027,0.0131,0.0,0.0168,0.0643,0.0,0.005729080560627047,0.0346091102876571,0.1522403514625981
12-17yrs,835511.0,0.0,801422.0,14781.0,961342.0,0.8691090163542214,0.8336492112068338,0.015375381497947661,352.0,592.0,399.0,2066.0,2823.0,2016.0,0.03545980514738767,0.13089098364577856,0.0004,0.0006,0.0004,0.0021,0.0029,0.0021,0.0030474533019503426,0.01578471895353292,0.07858972204995227
18-29yrs,2168240.0,0.0,2065069.0,796482.0,2485231.0,0.8724500861288146,0.8309364401136152,0.3204861037062551,2011.0,2190.0,11880.0,11985.0,12234.0,74065.0,0.04151364601519936,0.12754991387118542,0.0008,0.0009,0.0048,0.0048,0.0049,0.0298,0.006232515156644786,0.03626133456543943,0.12263723237124641
30-39yrs,1823434.0,0.0,1756471.0,799499.0,2034796.0,0.8961261964344337,0.8632172463480369,0.39291358937210413,1117.0,1323.0,11251.0,6337.0,6842.0,64973.0,0.032908950086396827,0.1038738035655663,0.0005,0.0007,0.0055,0.0031,0.0034,0.0319,0.004788228483756042,0.028975179490948504,0.10476726584387051
40-49yrs,1672196.0,0.0,1629215.0,855559.0,1853436.0,0.9022140500130569,0.8790241475831915,0.4616069829225288,532.0,704.0,10628.0,3298.0,3858.0,62944.0,0.023189902429865406,0.09778594998694312,0.0003,0.0004,0.0057,0.0018,0.0021,0.034,0.0030589463723785827,0.018078578937671373,0.08853993630573277
50-59yrs,1849984.0,0.0,1812308.0,1143997.0,2042065.0,0.9059378619191848,0.8874879105219472,0.5602157619860288,433.0,513.0,10430.0,2601.0,3015.0,64536.0,0.018449951397237596,0.0940621380808152,0.0002,0.0003,0.0051,0.0013,0.0015,0.0316,0.0021214716851761435,0.013636003842163121,0.07991175549816057
60-69yrs,1714352.0,0.0,1685221.0,1250554.0,1765205.0,0.9711914480187853,0.9546885489220799,0.7084468942700706,336.0,363.0,8531.0,1988.0,2140.0,54835.0,0.016502899096705437,0.02880855198121468,0.0002,0.0002,0.0048,0.0011,0.0012,0.0311,0.006896813768583087,0.036746569898374375,0.07394819340198983
70-79yrs,1137256.0,0.0,1120523.0,918592.0,1134561.0,1.0023753680939147,0.9876269323553339,0.8096453165585632,133.0,135.0,3869.0,859.0,943.0,25853.0,0.014748435738580756,-0.002375368093914698,0.0001,0.0001,0.0034,0.0008,0.0008,0.0228,-0.04428419203747021,-0.49436209150329474,0.055557862520658634
80+ yrs,673861.0,0.0,657984.0,537410.0,655835.0,1.02748557182828,1.0032767388138786,0.8194286672714935,46.0,45.0,1823.0,301.0,338.0,12357.0,0.024208833014401465,-0.027485571828280042,0.0001,0.0001,0.0028,0.0005,0.0005,0.0188,-0.003647580645161302,-0.018500282087447126,0.020743768977732623
Adults_18plus,11039323.0,0.0,10726791.0,6302093.0,11971129.0,0.9221622288089953,0.8960550838605114,0.5264409898180865,4608.0,5273.0,58412.0,27369.0,29370.0,359563.0,0.026107144948483985,0.07783777119100466,0.0004,0.0004,0.0049,0.0023,0.0025,0.03,0.005113605307054361,0.0287054986837647,0.09703782091604145
Ontario_12plus,11874834.0,0.0,11528213.0,6316874.0,12932471.0,0.9182184904957452,0.8914161106566564,0.4884506603571738,4960.0,5865.0,58811.0,29435.0,32193.0,361579.0,0.02680237983908884,0.08178150950425478,0.0004,0.0005,0.0045,0.0023,0.0025,0.028,0.004868250522069983,0.02736220167569399,0.09401659115758594
Ontario_5plus,12447969.0,0.0,11695207.0,6316874.0,14010998.0,0.8884427076500903,0.8347161993742345,0.4508511099637585,7856.0,20029.0,58811.0,47583.0,101527.0,361579.0,0.05372650827585579,0.11155729234990974,0.0006,0.0014,0.0042,0.0034,0.0072,0.0258,0.005351504916018674,0.029577199971191064,0.12619157506820633
Total - eligible 12+,11874834.0,0.0,11528213.0,6316874.0,12932471.0,0.9182184904957452,0.8914161106566564,0.4884506603571738,4960.0,5865.0,58811.0,29435.0,32193.0,361579.0,0.02680237983908884,0.08178150950425478,0.0004,0.0005,0.0045,0.0023,0.0025,0.028,0.004868250522069983,0.02736220167569399,0.09401659115758594
Unknown,6185.0,0.0,1338.0,57.0,14010998.0,0.0004414389324729045,9.549640932073504e-05,4.068232684067188e-06,198.0,-5.0,1.0,1094.0,-34.0,7.0,,-inf,0.0,-0.0,0.0,0.0001,-0.0,0.0,,,
